{
  "template_name": "10 - Tan",
  "image_path": "assets/mockups/tshirts/10 - Tan.jpg",
  "image_size": [
    2048,
    1536
  ],
  "design_areas": {
    "design_area": {
      "pixel_coordinates": [
        [
          707,
          392
        ],
        [
          1270,
          392
        ],
        [
          1270,
          965
        ],
        [
          707,
          965
        ]
      ],
      "normalized_coordinates": [
        [
          0.34521484375,
          0.2552083333333333
        ],
        [
          0.6201171875,
          0.2552083333333333
        ],
        [
          0.6201171875,
          0.6282552083333334
        ],
        [
          0.34521484375,
          0.6282552083333334
        ]
      ],
      "type": "rectangle"
    }
  },
  "printify_coordinates": {
    "design_area": {
      "x": 0.482666015625,
      "y": 0.44173177083333337,
      "scale": 0.27490234375,
      "angle": 0,
      "width": 0.27490234375,
      "height": 0.37304687500000006
    }
  }
}