{
  "template_name": "1",
  "image_path": "assets/mockups/tshirts/1.png",
  "image_size": [
    2000,
    2000
  ],
  "design_areas": {
    "design_area": {
      "pixel_coordinates": [
        [
          715,
          683
        ],
        [
          1279,
          683
        ],
        [
          1279,
          1307
        ],
        [
          715,
          1307
        ]
      ],
      "normalized_coordinates": [
        [
          0.3575,
          0.3415
        ],
        [
          0.6395,
          0.3415
        ],
        [
          0.6395,
          0.6535
        ],
        [
          0.3575,
          0.6535
        ]
      ],
      "type": "rectangle"
    }
  },
  "printify_coordinates": {
    "design_area": {
      "x": 0.49849999999999994,
      "y": 0.4975,
      "scale": 0.282,
      "angle": 0,
      "width": 0.282,
      "height": 0.31199999999999994
    }
  }
}