{
  "template_name": "5 - Athletic Heather",
  "image_path": "assets/mockups/tshirts/5 - Athletic Heather.jpg",
  "image_size": [
    2048,
    2048
  ],
  "design_areas": {
    "design_area": {
      "pixel_coordinates": [
        [
          709,
          542
        ],
        [
          1326,
          542
        ],
        [
          1326,
          1173
        ],
        [
          709,
          1173
        ]
      ],
      "normalized_coordinates": [
        [
          0.34619140625,
          0.2646484375
        ],
        [
          0.6474609375,
          0.2646484375
        ],
        [
          0.6474609375,
          0.57275390625
        ],
        [
          0.34619140625,
          0.57275390625
        ]
      ],
      "type": "rectangle"
    }
  },
  "printify_coordinates": {
    "design_area": {
      "x": 0.496826171875,
      "y": 0.418701171875,
      "scale": 0.30126953125,
      "angle": 0,
      "width": 0.30126953125,
      "height": 0.30810546875
    }
  }
}