{
  "template_name": "9 - Light Blue",
  "image_path": "assets/mockups/tshirts/9 - Light Blue.jpg",
  "image_size": [
    2048,
    1536
  ],
  "design_areas": {
    "design_area": {
      "pixel_coordinates": [
        [
          717,
          388
        ],
        [
          1306,
          388
        ],
        [
          1306,
          978
        ],
        [
          717,
          978
        ]
      ],
      "normalized_coordinates": [
        [
          0.35009765625,
          0.2526041666666667
        ],
        [
          0.6376953125,
          0.2526041666666667
        ],
        [
          0.6376953125,
          0.63671875
        ],
        [
          0.35009765625,
          0.63671875
        ]
      ],
      "type": "rectangle"
    }
  },
  "printify_coordinates": {
    "design_area": {
      "x": 0.493896484375,
      "y": 0.44466145833333337,
      "scale": 0.28759765625,
      "angle": 0,
      "width": 0.28759765625,
      "height": 0.3841145833333333
    }
  }
}